{
  "selections": {
    "mode": "SIMPLE"
  },
  "placements": {
    "placements": [
      {
        "schematic": "C:\\Users\\catsu\\AppData\\Roaming\\PrismLauncher\\instances\\1.21.10\\minecraft\\schematics\\Titanic-from-abfielder.litematic",
        "name": "Titanic",
        "origin": [
          -946,
          44,
          326
        ],
        "rotation": "NONE",
        "mirror": "NONE",
        "ignore_entities": false,
        "enabled": true,
        "enable_render": true,
        "render_enclosing_box": false,
        "locked": false,
        "locked_coords": 0,
        "bb_color": 16757504,
        "verifier_type": "all",
        "hash_code": "71879fb4-12ef-4a71-ad75-0c93350e9771",
        "placements": [
          {
            "name": "Titanic",
            "placement": {
              "pos": [
                0,
                0,
                0
              ],
              "name": "Titanic",
              "rotation": "NONE",
              "mirror": "NONE",
              "locked_coords": 0,
              "enabled": true,
              "rendering_enabled": true,
              "ignore_entities": false
            }
          }
        ]
      }
    ]
  },
  "schematic_projects_manager": {},
  "operation_mode": "PASTE_SCHEMATIC",
  "render_range": {
    "mode": "ALL_BELOW",
    "axis": "Y",
    "layer_single": 78,
    "layer_above": 88,
    "layer_below": 89,
    "layer_range_min": 0,
    "layer_range_max": 0,
    "hotkey_range_min": false,
    "hotkey_range_max": false
  },
  "area_simple": {
    "name": "Unnamed",
    "current": "Unnamed",
    "boxes": [
      {
        "pos1": [
          -881,
          88,
          346
        ],
        "pos2": [
          -882,
          88,
          347
        ],
        "name": "Unnamed"
      }
    ]
  },
  "tool_mode_data": {
    "delete": {
      "use_placement": false
    }
  },
  "block_entities": {}
}