{
  "selections": {
    "mode": "SIMPLE"
  },
  "placements": {
    "placements": [
      {
        "schematic": "C:\\Users\\catsu\\AppData\\Roaming\\PrismLauncher\\instances\\1.21.10\\minecraft\\schematics\\Finished Castle-from-abfielder.litematic",
        "name": "Unnamed",
        "origin": [
          -825,
          119,
          644
        ],
        "rotation": "NONE",
        "mirror": "NONE",
        "ignore_entities": false,
        "enabled": true,
        "enable_render": true,
        "render_enclosing_box": false,
        "locked": false,
        "locked_coords": 0,
        "bb_color": 16757504,
        "verifier_type": "all",
        "hash_code": "c279e1b2-8fe6-42a8-b3bd-f22dcd02b7d0",
        "placements": [
          {
            "name": "Unnamed",
            "placement": {
              "pos": [
                0,
                0,
                0
              ],
              "name": "Unnamed",
              "rotation": "NONE",
              "mirror": "NONE",
              "locked_coords": 0,
              "enabled": true,
              "rendering_enabled": true,
              "ignore_entities": false
            }
          }
        ]
      }
    ],
    "selected": 0,
    "origin_selected": true
  },
  "schematic_projects_manager": {},
  "operation_mode": "SCHEMATIC_PLACEMENT",
  "render_range": {
    "mode": "ALL",
    "axis": "Y",
    "layer_single": 0,
    "layer_above": 0,
    "layer_below": 0,
    "layer_range_min": 0,
    "layer_range_max": 0,
    "hotkey_range_min": false,
    "hotkey_range_max": false
  },
  "area_simple": {
    "name": "Unnamed",
    "current": "Unnamed",
    "boxes": [
      {
        "pos1": [
          0,
          0,
          0
        ],
        "pos2": [
          0,
          0,
          0
        ],
        "name": "Unnamed"
      }
    ]
  },
  "tool_mode_data": {
    "delete": {
      "use_placement": false
    }
  },
  "block_entities": {}
}